url,domain,source_asset_count,redistribution_rights,public_fulltext,derived_assets
http://www.gansu.gov.cn/,www.gansu.gov.cn,2,not_established,excluded unless independently authorized,retain source attribution; no blanket relicensing of third-party expression
http://www.jcs.gov.cn/,www.jcs.gov.cn,3,not_established,excluded unless independently authorized,retain source attribution; no blanket relicensing of third-party expression
http://www.jyg.gov.cn/,www.jyg.gov.cn,3,not_established,excluded unless independently authorized,retain source attribution; no blanket relicensing of third-party expression
https://bankcomm.com/BankCommSite/shtml/jyjr/cn/7158/7162/5060932.shtml?channelId=7158,bankcomm.com,7,not_established,excluded unless independently authorized,retain source attribution; no blanket relicensing of third-party expression
https://czt.gansu.gov.cn/,czt.gansu.gov.cn,3,not_established,excluded unless independently authorized,retain source attribution; no blanket relicensing of third-party expression
https://czt.gansu.gov.cn/czt/c107433/202508/174190440.shtml,czt.gansu.gov.cn,6,not_established,excluded unless independently authorized,retain source attribution; no blanket relicensing of third-party expression
https://czt.gansu.gov.cn/czt/c107433/202512/174258824.shtml,czt.gansu.gov.cn,6,not_established,excluded unless independently authorized,retain source attribution; no blanket relicensing of third-party expression
https://dingxi.gov.cn/,dingxi.gov.cn,3,not_established,excluded unless independently authorized,retain source attribution; no blanket relicensing of third-party expression
https://fzgg.gansu.gov.cn/,fzgg.gansu.gov.cn,3,not_established,excluded unless independently authorized,retain source attribution; no blanket relicensing of third-party expression
https://fzgg.gansu.gov.cn/fzgg/c109756/202106/6030c3b1faae479e9706826ce5495587/files/4eeb8d9b7fcf44d9a7faa183808006e1.doc,fzgg.gansu.gov.cn,6,not_established,excluded unless independently authorized,retain source attribution; no blanket relicensing of third-party expression
https://gansu.gov.cn/gsszf/c100055/202110/1846733.shtml,gansu.gov.cn,6,not_established,excluded unless independently authorized,retain source attribution; no blanket relicensing of third-party expression
https://group2.ccb.com/chn/attachDir/2025/06/2025062509482588724.pdf,group2.ccb.com,4,not_established,excluded unless independently authorized,retain source attribution; no blanket relicensing of third-party expression
https://gs.gov.cn/gsszf/c103680vpqvsm/202601/174278782/files/189badb3c6c740b19b806832dafd7d88.pdf,gs.gov.cn,3,not_established,excluded unless independently authorized,retain source attribution; no blanket relicensing of third-party expression
https://gs.gov.cn/gsszf/c103680vpqvsm/202601/174278785/files/bd53aa329f16443eb04e3b0597814ed8.pdf,gs.gov.cn,3,not_established,excluded unless independently authorized,retain source attribution; no blanket relicensing of third-party expression
https://gxhz.gansu.gov.cn/gxhz/c109424/202603/174292642.shtml,gxhz.gansu.gov.cn,6,not_established,excluded unless independently authorized,retain source attribution; no blanket relicensing of third-party expression
https://gxt.gansu.gov.cn/,gxt.gansu.gov.cn,3,not_established,excluded unless independently authorized,retain source attribution; no blanket relicensing of third-party expression
https://gxt.gansu.gov.cn/gxt/c106992/202112/1946230.shtml,gxt.gansu.gov.cn,4,not_established,excluded unless independently authorized,retain source attribution; no blanket relicensing of third-party expression
https://gxt.gansu.gov.cn/gxt/c106992/202112/1946323.shtml,gxt.gansu.gov.cn,3,not_established,excluded unless independently authorized,retain source attribution; no blanket relicensing of third-party expression
https://gxt.gansu.gov.cn/gxt/c106992/202201/1959993/files/bc8a41db8b904e55b5bd7017eb42d119.pdf,gxt.gansu.gov.cn,3,not_established,excluded unless independently authorized,retain source attribution; no blanket relicensing of third-party expression
https://gxt.gansu.gov.cn/gxt/c107572/202203/1991349.shtml,gxt.gansu.gov.cn,6,not_established,excluded unless independently authorized,retain source attribution; no blanket relicensing of third-party expression
https://gxt.gansu.gov.cn/gxt/c107573/202407/173959298.shtml,gxt.gansu.gov.cn,3,not_established,excluded unless independently authorized,retain source attribution; no blanket relicensing of third-party expression
https://gxt.gansu.gov.cn/gxt/c107573/202407/173959298/files/c4966ebf96b74d8f9f8abf26c5f7888f.docx,gxt.gansu.gov.cn,3,not_established,excluded unless independently authorized,retain source attribution; no blanket relicensing of third-party expression
https://gxt.gansu.gov.cn/gxt/c107573/202409/173980045/files/28222535ba6b4898addaedad92aa6888.xls,gxt.gansu.gov.cn,3,not_established,excluded unless independently authorized,retain source attribution; no blanket relicensing of third-party expression
https://gxt.gansu.gov.cn/gxt/c107573/202409/173991673/files/22a59594533e48ac9b7c11523d9100e4.pdf,gxt.gansu.gov.cn,3,not_established,excluded unless independently authorized,retain source attribution; no blanket relicensing of third-party expression
https://gxt.gansu.gov.cn/gxt/c107573/202504/174129777/files/021211746d084c7599a62e564c80ecc6.pdf,gxt.gansu.gov.cn,6,not_established,excluded unless independently authorized,retain source attribution; no blanket relicensing of third-party expression
https://gxt.gansu.gov.cn/gxt/c126827/202603/174309436/files/90b76b9c1064426c8cb59ee880141560.pdf,gxt.gansu.gov.cn,6,not_established,excluded unless independently authorized,retain source attribution; no blanket relicensing of third-party expression
https://jrjg.gansu.gov.cn/sjrb/c106970/202207/2078966.shtml,jrjg.gansu.gov.cn,6,not_established,excluded unless independently authorized,retain source attribution; no blanket relicensing of third-party expression
https://jrjg.gansu.gov.cn/sjrb/c106970/202210/2135863.shtml,jrjg.gansu.gov.cn,4,not_established,excluded unless independently authorized,retain source attribution; no blanket relicensing of third-party expression
https://jrjg.gansu.gov.cn/sjrb/c106970/202212/5281460/files/56e8acef858240a49cfbe3f58321aaa4.pdf,jrjg.gansu.gov.cn,4,not_established,excluded unless independently authorized,retain source attribution; no blanket relicensing of third-party expression
https://jrjg.gansu.gov.cn/sjrb/c106970/202302/109604590.shtml,jrjg.gansu.gov.cn,4,not_established,excluded unless independently authorized,retain source attribution; no blanket relicensing of third-party expression
https://jrjg.gansu.gov.cn/sjrb/c107601/jigoudesc.shtml,jrjg.gansu.gov.cn,3,not_established,excluded unless independently authorized,retain source attribution; no blanket relicensing of third-party expression
https://jrpt.jrb.tianshui.gov.cn/,jrpt.jrb.tianshui.gov.cn,4,not_established,excluded unless independently authorized,retain source attribution; no blanket relicensing of third-party expression
https://kjt.gansu.gov.cn/,kjt.gansu.gov.cn,3,not_established,excluded unless independently authorized,retain source attribution; no blanket relicensing of third-party expression
https://kjt.gansu.gov.cn/kjt/c081907/202504/174116029.shtml,kjt.gansu.gov.cn,5,not_established,excluded unless independently authorized,retain source attribution; no blanket relicensing of third-party expression
https://kjt.gansu.gov.cn/kjt/c111484/202504/174116034.shtml,kjt.gansu.gov.cn,2,not_established,excluded unless independently authorized,retain source attribution; no blanket relicensing of third-party expression
https://kjt.gansu.gov.cn/kjt/c111485/202212/2170514.shtml,kjt.gansu.gov.cn,3,not_established,excluded unless independently authorized,retain source attribution; no blanket relicensing of third-party expression
https://kjt.gansu.gov.cn/kjt/c111526/202409/173981505.shtml,kjt.gansu.gov.cn,6,not_established,excluded unless independently authorized,retain source attribution; no blanket relicensing of third-party expression
https://kjt.gansu.gov.cn/kjt/c111526/202507/174169109.shtml,kjt.gansu.gov.cn,4,not_established,excluded unless independently authorized,retain source attribution; no blanket relicensing of third-party expression
https://kjt.gansu.gov.cn/kjt/c111527/202504/174112813.shtml,kjt.gansu.gov.cn,5,not_established,excluded unless independently authorized,retain source attribution; no blanket relicensing of third-party expression
https://kjt.gansu.gov.cn/kjt/c111529/202305/169846146.shtml,kjt.gansu.gov.cn,4,not_established,excluded unless independently authorized,retain source attribution; no blanket relicensing of third-party expression
https://kjt.gansu.gov.cn/kjt/c111529/202409/173983609/files/def67d052fd746f8aa96b496537f12c2.docx,kjt.gansu.gov.cn,3,not_established,excluded unless independently authorized,retain source attribution; no blanket relicensing of third-party expression
https://kjt.gansu.gov.cn/kjt/c111529/202503/174108916.shtml,kjt.gansu.gov.cn,6,not_established,excluded unless independently authorized,retain source attribution; no blanket relicensing of third-party expression
https://kjt.gansu.gov.cn/kjt/c111529/202504/174118312.shtml,kjt.gansu.gov.cn,7,not_established,excluded unless independently authorized,retain source attribution; no blanket relicensing of third-party expression
https://kjt.gansu.gov.cn/kjt/c111529/202507/174182824/files/2954b075ef1e4a028a86ca9c0428992c.doc,kjt.gansu.gov.cn,6,not_established,excluded unless independently authorized,retain source attribution; no blanket relicensing of third-party expression
https://kjt.gansu.gov.cn/kjt/c111529/202509/174200418.shtml,kjt.gansu.gov.cn,7,not_established,excluded unless independently authorized,retain source attribution; no blanket relicensing of third-party expression
https://kjt.gansu.gov.cn/kjt/c111529/202509/174201459.shtml,kjt.gansu.gov.cn,6,not_established,excluded unless independently authorized,retain source attribution; no blanket relicensing of third-party expression
https://kjt.gansu.gov.cn/kjt/c111529/202510/174225064.shtml,kjt.gansu.gov.cn,6,not_established,excluded unless independently authorized,retain source attribution; no blanket relicensing of third-party expression
https://kjt.gansu.gov.cn/kjt/c111529/202511/174239948.shtml,kjt.gansu.gov.cn,3,not_established,excluded unless independently authorized,retain source attribution; no blanket relicensing of third-party expression
https://kjt.gansu.gov.cn/kjt/c111529/202511/174247540.shtml,kjt.gansu.gov.cn,6,not_established,excluded unless independently authorized,retain source attribution; no blanket relicensing of third-party expression
https://kjt.gansu.gov.cn/kjt/c111529/202512/174250132/files/84143fb5d7e3497482f90f44e1450078.docx,kjt.gansu.gov.cn,6,not_established,excluded unless independently authorized,retain source attribution; no blanket relicensing of third-party expression
https://kjt.gansu.gov.cn/kjt/c111529/202602/174280825.shtml,kjt.gansu.gov.cn,6,not_established,excluded unless independently authorized,retain source attribution; no blanket relicensing of third-party expression
https://kjt.gansu.gov.cn/kjt/c111532/202307/169908046.shtml,kjt.gansu.gov.cn,4,not_established,excluded unless independently authorized,retain source attribution; no blanket relicensing of third-party expression
https://kjt.gansu.gov.cn/kjt/c111534/202104/1539029.shtml,kjt.gansu.gov.cn,4,not_established,excluded unless independently authorized,retain source attribution; no blanket relicensing of third-party expression
https://kjt.gansu.gov.cn/kjt/c111534/202405/173908127.shtml,kjt.gansu.gov.cn,7,not_established,excluded unless independently authorized,retain source attribution; no blanket relicensing of third-party expression
https://kjt.gansu.gov.cn/kjt/c111534/202502/174074021.shtml,kjt.gansu.gov.cn,8,not_established,excluded unless independently authorized,retain source attribution; no blanket relicensing of third-party expression
https://kjt.gansu.gov.cn/kjt/c111534/202503/174105469.shtml,kjt.gansu.gov.cn,7,not_established,excluded unless independently authorized,retain source attribution; no blanket relicensing of third-party expression
https://kjt.gansu.gov.cn/kjt/c111534/202510/174232799.shtml,kjt.gansu.gov.cn,4,not_established,excluded unless independently authorized,retain source attribution; no blanket relicensing of third-party expression
https://kjt.gansu.gov.cn/kjt/c111534/202512/174251359.shtml,kjt.gansu.gov.cn,7,not_established,excluded unless independently authorized,retain source attribution; no blanket relicensing of third-party expression
https://kjt.gansu.gov.cn/kjt/c111534/202601/174270763.shtml,kjt.gansu.gov.cn,3,not_established,excluded unless independently authorized,retain source attribution; no blanket relicensing of third-party expression
https://kjt.gansu.gov.cn/kjt/c111534/202604/174315194.shtml,kjt.gansu.gov.cn,4,not_established,excluded unless independently authorized,retain source attribution; no blanket relicensing of third-party expression
https://kjt.gansu.gov.cn/kjt/c111679/202409/173980912.shtml,kjt.gansu.gov.cn,3,not_established,excluded unless independently authorized,retain source attribution; no blanket relicensing of third-party expression
https://kjt.gansu.gov.cn/kjt/c111679/202501/174058164.shtml,kjt.gansu.gov.cn,4,not_established,excluded unless independently authorized,retain source attribution; no blanket relicensing of third-party expression
https://kjt.gansu.gov.cn/kjt/c111679/202501/174065389.shtml,kjt.gansu.gov.cn,3,not_established,excluded unless independently authorized,retain source attribution; no blanket relicensing of third-party expression
https://kjt.gansu.gov.cn/kjt/c111679/202507/174171290.shtml,kjt.gansu.gov.cn,8,not_established,excluded unless independently authorized,retain source attribution; no blanket relicensing of third-party expression
https://kjt.gansu.gov.cn/kjt/c111679/202507/174173932.shtml,kjt.gansu.gov.cn,6,not_established,excluded unless independently authorized,retain source attribution; no blanket relicensing of third-party expression
https://lanzhou.pbc.gov.cn/lanzhou/117067/117071/4288038/index.html,lanzhou.pbc.gov.cn,3,not_established,excluded unless independently authorized,retain source attribution; no blanket relicensing of third-party expression
https://m3.ccb.com/chn/2022-05/27/article_2022052715591534939.shtml,m3.ccb.com,4,not_established,excluded unless independently authorized,retain source attribution; no blanket relicensing of third-party expression
https://scjg.gansu.gov.cn/scjg/c110131/202310/173778301.shtml,scjg.gansu.gov.cn,3,not_established,excluded unless independently authorized,retain source attribution; no blanket relicensing of third-party expression
https://scjg.gansu.gov.cn/scjg/c110131/202312/173828247.shtml,scjg.gansu.gov.cn,3,not_established,excluded unless independently authorized,retain source attribution; no blanket relicensing of third-party expression
https://scjg.gansu.gov.cn/scjg/c110131/202405/173916098.shtml,scjg.gansu.gov.cn,3,not_established,excluded unless independently authorized,retain source attribution; no blanket relicensing of third-party expression
https://scjg.gansu.gov.cn/scjg/c110131/202412/174044410.shtml,scjg.gansu.gov.cn,3,not_established,excluded unless independently authorized,retain source attribution; no blanket relicensing of third-party expression
https://scjg.gansu.gov.cn/scjg/c110147/202106/a10d911028b34e01a7373d84a2b538fa.shtml,scjg.gansu.gov.cn,7,not_established,excluded unless independently authorized,retain source attribution; no blanket relicensing of third-party expression
https://scjg.gansu.gov.cn/scjg/c110147/202106/cb4e02b674094925bc5a4c1e5fd850e2.shtml,scjg.gansu.gov.cn,4,not_established,excluded unless independently authorized,retain source attribution; no blanket relicensing of third-party expression
https://scjg.gansu.gov.cn/scjg/c110148/202111/1900732.shtml,scjg.gansu.gov.cn,6,not_established,excluded unless independently authorized,retain source attribution; no blanket relicensing of third-party expression
https://scjg.gansu.gov.cn/scjg/c110160/202111/1900029.shtml,scjg.gansu.gov.cn,6,not_established,excluded unless independently authorized,retain source attribution; no blanket relicensing of third-party expression
https://scjg.gansu.gov.cn/scjg/c110160/202111/1900798.shtml,scjg.gansu.gov.cn,6,not_established,excluded unless independently authorized,retain source attribution; no blanket relicensing of third-party expression
https://scjg.gansu.gov.cn/scjg/c110215/201910/1828666.shtml,scjg.gansu.gov.cn,4,not_established,excluded unless independently authorized,retain source attribution; no blanket relicensing of third-party expression
https://scjg.gansu.gov.cn/scjg/index.shtml,scjg.gansu.gov.cn,3,not_established,excluded unless independently authorized,retain source attribution; no blanket relicensing of third-party expression
https://tech.sina.cn/2025-07-11/detail-infezqpx3262826.d.html?vt=4,tech.sina.cn,2,not_established,excluded unless independently authorized,retain source attribution; no blanket relicensing of third-party expression
https://v.icbc.com.cn/userfiles/resources/icbcltd/download/2026/ESG2025ch.pdf,v.icbc.com.cn,4,not_established,excluded unless independently authorized,retain source attribution; no blanket relicensing of third-party expression
https://www.abchina.com/CN/PersonalServices/SvcBulletin/202003/t20200316_1875283.htm,www.abchina.com,4,not_established,excluded unless independently authorized,retain source attribution; no blanket relicensing of third-party expression
https://www.abchina.com/cn/aboutabc/nonghzx/NewsCenter/202101/t20210119_1953506.htm,www.abchina.com,4,not_established,excluded unless independently authorized,retain source attribution; no blanket relicensing of third-party expression
https://www.abchina.com/cn/aboutabc/nonghzx/NewsCenter/202301/t20230128_2235961.htm,www.abchina.com,4,not_established,excluded unless independently authorized,retain source attribution; no blanket relicensing of third-party expression
https://www.baiyin.gov.cn/,www.baiyin.gov.cn,3,not_established,excluded unless independently authorized,retain source attribution; no blanket relicensing of third-party expression
https://www.baiyinqu.gov.cn/XZJDBMDW/bmdw/byqkxjsj/fdzdgknr/ghjh/art/2025/art_302e4484c3ee42fdbd60061fd44ab6a2.html,www.baiyinqu.gov.cn,1,not_established,excluded unless independently authorized,retain source attribution; no blanket relicensing of third-party expression
https://www.bankcomm.com/BankCommSite/shtml/jyjr/cn/7158/7162/3039489.shtml?channelId=7158,www.bankcomm.com,4,not_established,excluded unless independently authorized,retain source attribution; no blanket relicensing of third-party expression
https://www.boc.cn/aboutboc/bi1/202409/t20240927_25163873.html,www.boc.cn,3,not_established,excluded unless independently authorized,retain source attribution; no blanket relicensing of third-party expression
https://www.boc.cn/aboutboc/bi1/202601/t20260120_25644933.html,www.boc.cn,4,not_established,excluded unless independently authorized,retain source attribution; no blanket relicensing of third-party expression
https://www.ccb.com/cn/html1/office/ebank/dsh/2024cn.pdf,www.ccb.com,4,not_established,excluded unless independently authorized,retain source attribution; no blanket relicensing of third-party expression
https://www.csrc.gov.cn/gansu/c104587/c7490391/content.shtml,www.csrc.gov.cn,3,not_established,excluded unless independently authorized,retain source attribution; no blanket relicensing of third-party expression
https://www.gansu.gov.cn/,www.gansu.gov.cn,3,not_established,excluded unless independently authorized,retain source attribution; no blanket relicensing of third-party expression
https://www.gansu.gov.cn/art/c103795/2024/746/202411/174023504.shtml,www.gansu.gov.cn,4,not_established,excluded unless independently authorized,retain source attribution; no blanket relicensing of third-party expression
https://www.gansu.gov.cn/art/c103795/2025/752/202502/174082218.shtml,www.gansu.gov.cn,4,not_established,excluded unless independently authorized,retain source attribution; no blanket relicensing of third-party expression
https://www.gansu.gov.cn/art/c103795/2025/756/202504/174131608.shtml,www.gansu.gov.cn,6,not_established,excluded unless independently authorized,retain source attribution; no blanket relicensing of third-party expression
https://www.gansu.gov.cn/gsszf/c100002/c100006/c100007/202407/173945485.shtml,www.gansu.gov.cn,4,not_established,excluded unless independently authorized,retain source attribution; no blanket relicensing of third-party expression
https://www.gansu.gov.cn/gsszf/c100002/c100006/c100007/202603/174294507.shtml,www.gansu.gov.cn,6,not_established,excluded unless independently authorized,retain source attribution; no blanket relicensing of third-party expression
https://www.gansu.gov.cn/gsszf/c100054/202601/174272287.shtml,www.gansu.gov.cn,3,not_established,excluded unless independently authorized,retain source attribution; no blanket relicensing of third-party expression
https://www.gansu.gov.cn/gsszf/c100055/202007/102198.shtml,www.gansu.gov.cn,7,not_established,excluded unless independently authorized,retain source attribution; no blanket relicensing of third-party expression
https://www.gansu.gov.cn/gsszf/c100055/202105/1483730.shtml,www.gansu.gov.cn,7,not_established,excluded unless independently authorized,retain source attribution; no blanket relicensing of third-party expression
https://www.gansu.gov.cn/gsszf/c100055/202209/2114672.shtml,www.gansu.gov.cn,6,not_established,excluded unless independently authorized,retain source attribution; no blanket relicensing of third-party expression
https://www.gansu.gov.cn/gsszf/c100055/202212/3833049.shtml,www.gansu.gov.cn,6,not_established,excluded unless independently authorized,retain source attribution; no blanket relicensing of third-party expression
https://www.gansu.gov.cn/gsszf/c100055/202308/169915437.shtml,www.gansu.gov.cn,6,not_established,excluded unless independently authorized,retain source attribution; no blanket relicensing of third-party expression
https://www.gansu.gov.cn/gsszf/c100055/202308/169926848.shtml,www.gansu.gov.cn,6,not_established,excluded unless independently authorized,retain source attribution; no blanket relicensing of third-party expression
https://www.gansu.gov.cn/gsszf/c100055/202405/173911557.shtml,www.gansu.gov.cn,6,not_established,excluded unless independently authorized,retain source attribution; no blanket relicensing of third-party expression
https://www.gansu.gov.cn/gsszf/c100055/202503/174088477.shtml,www.gansu.gov.cn,6,not_established,excluded unless independently authorized,retain source attribution; no blanket relicensing of third-party expression
https://www.gansu.gov.cn/gsszf/c100055/202504/174123414.shtml,www.gansu.gov.cn,6,not_established,excluded unless independently authorized,retain source attribution; no blanket relicensing of third-party expression
https://www.gansu.gov.cn/gsszf/c100055/202506/174155192.shtml,www.gansu.gov.cn,6,not_established,excluded unless independently authorized,retain source attribution; no blanket relicensing of third-party expression
https://www.gansu.gov.cn/gsszf/c100055/c100057/list.shtml,www.gansu.gov.cn,3,not_established,excluded unless independently authorized,retain source attribution; no blanket relicensing of third-party expression
https://www.gansu.gov.cn/gsszf/c100095/xxgk_list.shtml,www.gansu.gov.cn,3,not_established,excluded unless independently authorized,retain source attribution; no blanket relicensing of third-party expression
https://www.gansu.gov.cn/gsszf/c103709gqbqs/yearForm_list.shtml,www.gansu.gov.cn,3,not_established,excluded unless independently authorized,retain source attribution; no blanket relicensing of third-party expression
https://www.gansu.gov.cn/gsszf/c103721gnssu/yearForm_list.shtml,www.gansu.gov.cn,3,not_established,excluded unless independently authorized,retain source attribution; no blanket relicensing of third-party expression
https://www.gansu.gov.cn/gsszf/c103725ksphn/yearForm_list.shtml,www.gansu.gov.cn,3,not_established,excluded unless independently authorized,retain source attribution; no blanket relicensing of third-party expression
https://www.gansu.gov.cn/gsszf/gsyw/202501/174054975.shtml,www.gansu.gov.cn,4,not_established,excluded unless independently authorized,retain source attribution; no blanket relicensing of third-party expression
https://www.gnzrmzf.gov.cn/,www.gnzrmzf.gov.cn,3,not_established,excluded unless independently authorized,retain source attribution; no blanket relicensing of third-party expression
https://www.gs.gov.cn/gsszf/c100002/c100006/c100008/202411/174015496.shtml,www.gs.gov.cn,6,not_established,excluded unless independently authorized,retain source attribution; no blanket relicensing of third-party expression
https://www.gs.gov.cn/gsszf/c100002/c100006/c100008/202412/174037461.shtml,www.gs.gov.cn,6,not_established,excluded unless independently authorized,retain source attribution; no blanket relicensing of third-party expression
https://www.gs96871.com/,www.gs96871.com,4,not_established,excluded unless independently authorized,retain source attribution; no blanket relicensing of third-party expression
https://www.gsbankchina.com/gsyh/2015-12/30/article_2022090117341769688.shtml,www.gsbankchina.com,4,not_established,excluded unless independently authorized,retain source attribution; no blanket relicensing of third-party expression
https://www.gsbankchina.com/gsyh/2016-01/27/article_2022090117341768760.shtml,www.gsbankchina.com,4,not_established,excluded unless independently authorized,retain source attribution; no blanket relicensing of third-party expression
https://www.gsbankchina.com/gsyh/2020-03/03/article_2022090117342189337.shtml,www.gsbankchina.com,6,not_established,excluded unless independently authorized,retain source attribution; no blanket relicensing of third-party expression
https://www.gsbankchina.com/gsyh/2022-05/17/article_2022090117342267696.shtml,www.gsbankchina.com,2,not_established,excluded unless independently authorized,retain source attribution; no blanket relicensing of third-party expression
https://www.gsbankchina.com/gsyh/2022-06/24/article_2022090117342386539.shtml,www.gsbankchina.com,1,not_established,excluded unless independently authorized,retain source attribution; no blanket relicensing of third-party expression
https://www.gsbankchina.com/gsyh/attachDir/2025/04/2025042318120763511.pdf,www.gsbankchina.com,4,not_established,excluded unless independently authorized,retain source attribution; no blanket relicensing of third-party expression
https://www.gsbankchina.com/gsyh/phjr/wmdcp/jyzzd/hzd/index.shtml,www.gsbankchina.com,4,not_established,excluded unless independently authorized,retain source attribution; no blanket relicensing of third-party expression
https://www.gsbankchina.com/gsyh/phjr/wmdcp/jyzzd/kjd/index.shtml,www.gsbankchina.com,4,not_established,excluded unless independently authorized,retain source attribution; no blanket relicensing of third-party expression
https://www.gsbankchina.com/gsyh/phjr/wmdcp/jyzzd/xsmd/index.shtml,www.gsbankchina.com,4,not_established,excluded unless independently authorized,retain source attribution; no blanket relicensing of third-party expression
https://www.gsbankchina.com/gsyh/phjr/wmdcp/jyzzd/zcd/index.shtml,www.gsbankchina.com,4,not_established,excluded unless independently authorized,retain source attribution; no blanket relicensing of third-party expression
https://www.gsbankchina.com/gsyh/phjr/wmdcp/wljrd/shd/index.shtml,www.gsbankchina.com,4,not_established,excluded unless independently authorized,retain source attribution; no blanket relicensing of third-party expression
https://www.gsbankchina.com/gsyh/phjr/wmdcp/wljrd/xwed/index.shtml,www.gsbankchina.com,4,not_established,excluded unless independently authorized,retain source attribution; no blanket relicensing of third-party expression
https://www.gsbankchina.com/gsyh/phjr/wmdcp/xczxd/zzd/index.shtml,www.gsbankchina.com,4,not_established,excluded unless independently authorized,retain source attribution; no blanket relicensing of third-party expression
https://www.gsjkjt.com/info/1153/5231.htm,www.gsjkjt.com,3,not_established,excluded unless independently authorized,retain source attribution; no blanket relicensing of third-party expression
https://www.gsjkjt.com/info/1153/5232.htm,www.gsjkjt.com,3,not_established,excluded unless independently authorized,retain source attribution; no blanket relicensing of third-party expression
https://www.gsjkjt.com/info/1153/5234.htm,www.gsjkjt.com,3,not_established,excluded unless independently authorized,retain source attribution; no blanket relicensing of third-party expression
https://www.gsjkjt.com/info/1153/5237.htm,www.gsjkjt.com,3,not_established,excluded unless independently authorized,retain source attribution; no blanket relicensing of third-party expression
https://www.gswuwei.gov.cn/,www.gswuwei.gov.cn,3,not_established,excluded unless independently authorized,retain source attribution; no blanket relicensing of third-party expression
https://www.gsxt.gov.cn/,www.gsxt.gov.cn,4,not_established,excluded unless independently authorized,retain source attribution; no blanket relicensing of third-party expression
https://www.gsxyd.cn/governmentMiningLoan,www.gsxyd.cn,4,not_established,excluded unless independently authorized,retain source attribution; no blanket relicensing of third-party expression
https://www.gsxyd.cn/greenfinance/portal/noLogin/product/product.htm?productId=1GGR47V10BIS084EA8C00000136DA709,www.gsxyd.cn,4,not_established,excluded unless independently authorized,retain source attribution; no blanket relicensing of third-party expression
https://www.jiuquan.gov.cn/,www.jiuquan.gov.cn,3,not_established,excluded unless independently authorized,retain source attribution; no blanket relicensing of third-party expression
https://www.lanzhou.gov.cn/,www.lanzhou.gov.cn,3,not_established,excluded unless independently authorized,retain source attribution; no blanket relicensing of third-party expression
https://www.lzxq.gov.cn/,www.lzxq.gov.cn,3,not_established,excluded unless independently authorized,retain source attribution; no blanket relicensing of third-party expression
https://www.lzxq.gov.cn/doc/003/014/295/00301429512_951e4f2a.docx,www.lzxq.gov.cn,4,not_established,excluded unless independently authorized,retain source attribution; no blanket relicensing of third-party expression
https://www.lzxq.gov.cn/system/2019/07/12/030003183.shtml,www.lzxq.gov.cn,3,not_established,excluded unless independently authorized,retain source attribution; no blanket relicensing of third-party expression
https://www.lzxq.gov.cn/system/2021/01/04/030246309.shtml,www.lzxq.gov.cn,3,not_established,excluded unless independently authorized,retain source attribution; no blanket relicensing of third-party expression
https://www.lzxq.gov.cn/system/2021/12/17/030467272.shtml,www.lzxq.gov.cn,3,not_established,excluded unless independently authorized,retain source attribution; no blanket relicensing of third-party expression
https://www.lzxq.gov.cn/system/2023/01/11/030698883.shtml,www.lzxq.gov.cn,6,not_established,excluded unless independently authorized,retain source attribution; no blanket relicensing of third-party expression
https://www.lzxq.gov.cn/system/2023/04/21/030763076.shtml,www.lzxq.gov.cn,6,not_established,excluded unless independently authorized,retain source attribution; no blanket relicensing of third-party expression
https://www.lzxq.gov.cn/system/2024/07/04/031026725.shtml,www.lzxq.gov.cn,6,not_established,excluded unless independently authorized,retain source attribution; no blanket relicensing of third-party expression
https://www.lzxq.gov.cn/system/2024/09/06/031059553.shtml,www.lzxq.gov.cn,3,not_established,excluded unless independently authorized,retain source attribution; no blanket relicensing of third-party expression
https://www.lzxq.gov.cn/system/2024/09/24/031068058.shtml,www.lzxq.gov.cn,6,not_established,excluded unless independently authorized,retain source attribution; no blanket relicensing of third-party expression
https://www.lzxq.gov.cn/system/2024/11/04/031088043.shtml,www.lzxq.gov.cn,6,not_established,excluded unless independently authorized,retain source attribution; no blanket relicensing of third-party expression
https://www.lzxq.gov.cn/system/2024/11/19/031095460.shtml,www.lzxq.gov.cn,3,not_established,excluded unless independently authorized,retain source attribution; no blanket relicensing of third-party expression
https://www.lzxq.gov.cn/system/2024/11/19/031095671.shtml,www.lzxq.gov.cn,6,not_established,excluded unless independently authorized,retain source attribution; no blanket relicensing of third-party expression
https://www.lzxq.gov.cn/system/2025/02/13/031137198.shtml,www.lzxq.gov.cn,4,not_established,excluded unless independently authorized,retain source attribution; no blanket relicensing of third-party expression
https://www.lzxq.gov.cn/system/2025/02/28/031144816.shtml,www.lzxq.gov.cn,6,not_established,excluded unless independently authorized,retain source attribution; no blanket relicensing of third-party expression
https://www.lzxq.gov.cn/system/2025/02/28/031144817.shtml,www.lzxq.gov.cn,6,not_established,excluded unless independently authorized,retain source attribution; no blanket relicensing of third-party expression
https://www.lzxq.gov.cn/system/2025/04/29/031176442.shtml,www.lzxq.gov.cn,6,not_established,excluded unless independently authorized,retain source attribution; no blanket relicensing of third-party expression
https://www.lzxq.gov.cn/system/2025/06/06/031195973.shtml,www.lzxq.gov.cn,3,not_established,excluded unless independently authorized,retain source attribution; no blanket relicensing of third-party expression
https://www.lzxq.gov.cn/system/2025/06/06/031195976.shtml,www.lzxq.gov.cn,3,not_established,excluded unless independently authorized,retain source attribution; no blanket relicensing of third-party expression
https://www.lzxq.gov.cn/system/2025/06/30/031207791.shtml,www.lzxq.gov.cn,3,not_established,excluded unless independently authorized,retain source attribution; no blanket relicensing of third-party expression
https://www.lzxq.gov.cn/system/2025/09/02/031241262.shtml,www.lzxq.gov.cn,7,not_established,excluded unless independently authorized,retain source attribution; no blanket relicensing of third-party expression
https://www.lzxq.gov.cn/system/2026/02/06/031319118.shtml,www.lzxq.gov.cn,6,not_established,excluded unless independently authorized,retain source attribution; no blanket relicensing of third-party expression
https://www.lzxq.gov.cn/system/2026/03/05/031331771.shtml,www.lzxq.gov.cn,3,not_established,excluded unless independently authorized,retain source attribution; no blanket relicensing of third-party expression
https://www.lzxq.gov.cn/system/2026/03/16/031338207.shtml,www.lzxq.gov.cn,7,not_established,excluded unless independently authorized,retain source attribution; no blanket relicensing of third-party expression
https://www.lzxq.gov.cn/system/2026/03/23/031341830.shtml,www.lzxq.gov.cn,7,not_established,excluded unless independently authorized,retain source attribution; no blanket relicensing of third-party expression
https://www.nfra.gov.cn/branch/gansu/view/pages/index/index.html,www.nfra.gov.cn,3,not_established,excluded unless independently authorized,retain source attribution; no blanket relicensing of third-party expression
https://www.psbc.com/cn//gsfw/cpfw/gsxd/kyssdk/202011/t20201108_44157.html,www.psbc.com,4,not_established,excluded unless independently authorized,retain source attribution; no blanket relicensing of third-party expression
https://www.psbc.com/cn/fhpd/hbdq/tjfh/zdtj_1095/202206/t20220629_180215.html,www.psbc.com,6,not_established,excluded unless independently authorized,retain source attribution; no blanket relicensing of third-party expression
https://www.psbc.com/cn/fhpd/hddq/fjsfh/zdtj_1163/202203/t20220328_172554.html,www.psbc.com,4,not_established,excluded unless independently authorized,retain source attribution; no blanket relicensing of third-party expression
https://www.psbc.com/cn/fhpd/xbdq/gssfh/fxdt_1254/202207/t20220726_181991.html,www.psbc.com,6,not_established,excluded unless independently authorized,retain source attribution; no blanket relicensing of third-party expression
https://www.psbc.com/cn/fhpd/xbdq/gssfh/fxdt_1254/202301/t20230131_193039.html,www.psbc.com,6,not_established,excluded unless independently authorized,retain source attribution; no blanket relicensing of third-party expression
https://www.psbc.com/cn/fhpd/xbdq/gssfh/fxdt_1254/202302/t20230217_194065.html,www.psbc.com,6,not_established,excluded unless independently authorized,retain source attribution; no blanket relicensing of third-party expression
https://www.psbc.com/cn/fhpd/xbdq/gssfh/fxdt_1254/202405/t20240528_245657.html,www.psbc.com,7,not_established,excluded unless independently authorized,retain source attribution; no blanket relicensing of third-party expression
https://www.psbc.com/cn/fhpd/xbdq/gssfh/fxdt_1254/202405/t20240528_245665.html,www.psbc.com,7,not_established,excluded unless independently authorized,retain source attribution; no blanket relicensing of third-party expression
https://www.psbc.com/cn/fhpd/xbdq/gssfh/fxdt_1254/202407/t20240702_250453.html,www.psbc.com,6,not_established,excluded unless independently authorized,retain source attribution; no blanket relicensing of third-party expression
https://www.psbc.com/cn/xqyfw/xqyxdcp/kcxqydk/,www.psbc.com,4,not_established,excluded unless independently authorized,retain source attribution; no blanket relicensing of third-party expression
https://www.psbc.com/cn/xqyfw/xqyxdcp/kcxqydk/202010/t20201027_35126.html,www.psbc.com,4,not_established,excluded unless independently authorized,retain source attribution; no blanket relicensing of third-party expression
https://www.stats.gov.cn/sj/tjbz/gjtjbz/202302/t20230213_1902784.html,www.stats.gov.cn,3,not_established,excluded unless independently authorized,retain source attribution; no blanket relicensing of third-party expression
https://www.stats.gov.cn/xw/tjxw/tzgg/202302/t20230202_1893950.html,www.stats.gov.cn,3,not_established,excluded unless independently authorized,retain source attribution; no blanket relicensing of third-party expression
https://www.stats.gov.cn/xxgk/tjbz/gjtjbz/202008/t20200811_1782344.html,www.stats.gov.cn,3,not_established,excluded unless independently authorized,retain source attribution; no blanket relicensing of third-party expression
https://www.stats.gov.cn/xxgk/tjbz/gjtjbz/202012/t20201221_1810322.html,www.stats.gov.cn,3,not_established,excluded unless independently authorized,retain source attribution; no blanket relicensing of third-party expression
https://www.stats.gov.cn/xxgk/tjbz/gjtjbz/202108/t20210804_1820261.html,www.stats.gov.cn,3,not_established,excluded unless independently authorized,retain source attribution; no blanket relicensing of third-party expression
https://www.stats.gov.cn/zs/flfg/tjf/202411/t20241111_1957364.html,www.stats.gov.cn,3,not_established,excluded unless independently authorized,retain source attribution; no blanket relicensing of third-party expression
https://www.tianshui.gov.cn/,www.tianshui.gov.cn,3,not_established,excluded unless independently authorized,retain source attribution; no blanket relicensing of third-party expression
https://www.tianshui.gov.cn/kjj/,www.tianshui.gov.cn,3,not_established,excluded unless independently authorized,retain source attribution; no blanket relicensing of third-party expression
https://www.tianshui.gov.cn/kjj/info/1111/48542.htm,www.tianshui.gov.cn,7,not_established,excluded unless independently authorized,retain source attribution; no blanket relicensing of third-party expression
https://www.tianshui.gov.cn/kjj/info/1111/50952.htm,www.tianshui.gov.cn,4,not_established,excluded unless independently authorized,retain source attribution; no blanket relicensing of third-party expression
https://www.tianshui.gov.cn/kjj/info/1111/73232.htm,www.tianshui.gov.cn,6,not_established,excluded unless independently authorized,retain source attribution; no blanket relicensing of third-party expression
https://www.tianshui.gov.cn/kjj/info/1111/83392.htm,www.tianshui.gov.cn,7,not_established,excluded unless independently authorized,retain source attribution; no blanket relicensing of third-party expression
https://www.tianshui.gov.cn/kjj/info/1241/79622.htm,www.tianshui.gov.cn,4,not_established,excluded unless independently authorized,retain source attribution; no blanket relicensing of third-party expression
https://www.tianshui.gov.cn/kjj/info/1241/79632.htm,www.tianshui.gov.cn,6,not_established,excluded unless independently authorized,retain source attribution; no blanket relicensing of third-party expression
https://www.zhangye.gov.cn/,www.zhangye.gov.cn,3,not_established,excluded unless independently authorized,retain source attribution; no blanket relicensing of third-party expression
https://www1.ccb.com/gs/cn/serviceGuide.html,www1.ccb.com,3,not_established,excluded unless independently authorized,retain source attribution; no blanket relicensing of third-party expression
https://www2.ccb.com/chn/smallcompany/server/xyd/srd/index.shtml,www2.ccb.com,4,not_established,excluded unless independently authorized,retain source attribution; no blanket relicensing of third-party expression
https://xining.pbc.gov.cn/goutongjiaoliu/113456/113475/951397d9942e4ac3aa88992261f286ed/index.html,xining.pbc.gov.cn,4,not_established,excluded unless independently authorized,retain source attribution; no blanket relicensing of third-party expression
https://ydyl.gansu.gov.cn/gsydyl/gjjl/cxsl/202602/t20260202_33539.html,ydyl.gansu.gov.cn,4,not_established,excluded unless independently authorized,retain source attribution; no blanket relicensing of third-party expression
https://zgqingyang.gov.cn/,zgqingyang.gov.cn,3,not_established,excluded unless independently authorized,retain source attribution; no blanket relicensing of third-party expression
