question_id,question,gold_answer,predicted_answer,error_type,predicted_program,gold_functions
KQAPRO_VAL_00104,When did the business with the official site of http://tecmo.co.jp dissolve?,2010-04-01,,execution_error,"FindAll()<b>FilterStr(official website<c>http://tecmo.co.jp)<b>FilterConcept(business)<b>QueryAttr(dissolved, abolished or demolished)",FindAll||FilterStr||FilterConcept||QueryAttr
KQAPRO_VAL_00113,Which New York county that shares a border with Pennsylvania has the smallest land area?,Rockland County,,execution_error,Find(Pennsylvania)<b>Relate(shares border with<c>backward)<b>FilterConcept(county of New York)<b>SelectAmong(area<c>smallest),Find||Relate||Find||And||Relate||FilterConcept||SelectAmong
KQAPRO_VAL_00127,"What language is used in http://www.udechile.cl/, the official website of an association football club whose Twitter username is udechile (the subscription number of this statement is 530070) ?",Spanish,,execution_error,FindAll()<b>FilterStr(Twitter username<c>udechile)<b>QFilterNum(number of subscribers<c>53370<c>=)<b>FilterConcept(association football club)<b>QueryAttrQualifier(official website<c>http://www.udechile.cl/<c>language of work or name),FindAll||FilterStr||QFilterNum||FilterConcept||QueryAttrQualifier
KQAPRO_VAL_00130,Is sonic20th the Twitter username having 31585 subscribers for the activity containing Sonic the Hedgehog (whose publication date is 1991-10-25)?,yes,no,program_structure_error,Find(Sonic the Hedgehog)<b>FilterDate(publication date<c>1991-10-25<c>=)<b>Relate(part of the series<c>forward)<b>FilterConcept(activity)<b>QueryAttr(Twitter username)<b>VerifyStr(sonic20th),Find||FilterDate||Relate||FilterConcept||QueryAttrUnderCondition||VerifyStr
KQAPRO_VAL_00139,What film composer has an ISNI number of 0000 0001 1462 2474?,Blues Brothers 2000,,execution_error,FindAll()<b>FilterStr(ISNI<c>0000 0001 1462 2474)<b>FilterConcept(human)<b>Find(film score)<b>Relate(composer<c>forward)<b>FilterConcept(human)<b>And()<b>What(),FindAll||FilterStr||FilterConcept||Relate||FilterConcept||What
KQAPRO_VAL_00166,How many 13th editions of the Winter Olympics have the official website www.olympic.org/squaw-valley-1960?,0,2,program_structure_error,FindAll()<b>FilterStr(official website<c>https://www.olympic.org/squaw-valley-1960)<b>FilterConcept(Winter Olympic Games)<b>FindAll()<b>FilterStr(edition number<c>13)<b>FilterConcept(Winter Olympic Games)<b>Or()<b>Count(),FindAll||FilterStr||FilterConcept||FindAll||FilterStr||FilterConcept||And||Count
KQAPRO_VAL_00181,"Jack Thompson (featured in the cast of Merry Christmas, Mr. Lawrence) played what character in the cast of Star Wars Episode II: Attack of the Clones?",Cliegg Lars,,empty_execution_result,"Find(Merry Christmas, Mr. Lawrence)<b>Relate(cast member<c>forward)<b>Find(Jack Thompson)<b>And()<b>Find(Star Wars Episode II: Attack of the Clones)<b>QueryRelationQualifier(cast member<c>character role)",Find||Find||Relate||Find||And||QueryRelationQualifier
KQAPRO_VAL_00204,Which US city in the Chicago metro area is designated by zip codes 53140–53144 ?,yes,,execution_error,Find(Chicago metropolitan area)<b>Relate(part of<c>backward)<b>FilterConcept(city of the United States)<b>FindAll()<b>FilterStr(postal code<c>53140–53144)<b>FilterConcept(city of the United States)<b>And()<b>What(),Find||Relate||FilterConcept||QueryAttr||VerifyStr
KQAPRO_VAL_00217,Which one has less elevation above sea level among the mountain range whose elevation above sea level is more than 600 feet?,Cascade Range,Sierra Nevada,program_argument_error,FindAll()<b>FilterNum(elevation above sea level<c>600 foot<c>>)<b>FilterConcept(mountain range)<b>SelectAmong(elevation above sea level<c>less),FindAll||FilterNum||FilterConcept||SelectAmong
KQAPRO_VAL_00255,What is the street address of  University of Louisiana at Lafayette's headquarter location in Lafayette (the one that is the headquarter location of University of Louisiana at Lafayette)?,104 E. University Circle,,empty_execution_result,Find(University of Louisiana at Lafayette)<b>Find(University of Louisiana at Lafayette)<b>Relate(headquarters location<c>forward)<b>Find(Lafayette)<b>And()<b>QueryRelationQualifier(headquarters location<c>located at street address (DEPRECATED)),Find||Find||Relate||Find||And||QueryRelationQualifier
KQAPRO_VAL_00342,What did Francis Ford Coppola receive the Academy Award for Best Picture for?,47th Academy Awards,The Godfather Part II,program_argument_error,Find(Francis Ford Coppola)<b>Find(Academy Award for Best Picture)<b>QueryRelationQualifier(award received<c>for work),Find||Find||QueryRelationQualifier
KQAPRO_VAL_00347,How many democracies are associated with Wolfgang Amadeus Mozart?,1,0,program_structure_error,Find(Wolfgang Amadeus Mozart)<b>Relate(country of citizenship<c>forward)<b>FilterConcept(democracy)<b>Count(),Find||Relate||FilterConcept||Relate||FilterConcept||Count
KQAPRO_VAL_00369,Sony Interactive Entertainment is the producer of how many models of video game consoles?,2,0,program_argument_error,Find(Sony Interactive Entertainment)<b>Relate(producer<c>backward)<b>FilterConcept(video game console model)<b>Count(),Find||Relate||FilterConcept||Count
KQAPRO_VAL_00385,"Which university has more students, Towson University or Swansea University?",Towson University,Swansea University,program_argument_error,Find(Towson University)<b>Find(Swansea University)<b>SelectBetween(students count<c>Swansea University),Find||Find||SelectBetween
KQAPRO_VAL_00437,Val Kilmer was cast as which character on The Doors?,Jim Morrison,,empty_execution_result,Find(The Doors)<b>Find(Val Kilmer)<b>QueryRelationQualifier(cast member<c>character role),Find||Relate||Find||And||Find||QueryRelationQualifier
KQAPRO_VAL_00537,Is Psycho (the one that has James Remar as a cast member) longer than 70 minutes?,yes,no,program_argument_error,Find(James Remar)<b>Relate(cast member<c>backward)<b>Find(Psycho)<b>And()<b>QueryAttr(duration)<b>VerifyNum(70 minutes<c>>),Find||Relate||Find||And||QueryAttr||VerifyNum
KQAPRO_VAL_00541,What is the soundtrack with Lady Gaga as a performer?,A Star Is Born: Soundtrack,A Star Is Born,program_structure_error,Find(Lady Gaga)<b>Relate(performer<c>backward)<b>FilterConcept(soundtrack album)<b>What(),Find||Relate||FilterConcept||QueryAttr
KQAPRO_VAL_00695,"Is the IPv4 routing prefix for the college of the University of Oxford called officially The Provost and Scholars of The Queen's College in the University of Oxford, 129.67.180.0/22 ?",yes,no,program_structure_error,Find(University of Oxford)<b>Relate(part of<c>backward)<b>FilterConcept(college of the University of Oxford)<b>QueryAttr(IPv4 routing prefix)<b>VerifyStr(The Provost and Scholars of The Queen's College),FindAll||FilterStr||FilterConcept||QueryAttr||VerifyStr
KQAPRO_VAL_01236,Cliff Richard was the  voice actor of Toy Story (the one released in Sweden) as Buzz Lightyear?,no,,empty_execution_result,Find(Sweden)<b>Relate(film release region<c>backward)<b>Find(Toy Story)<b>And()<b>Find(Cliff Richard)<b>QueryRelationQualifier(voice actor<c>character role),Find||Relate||Find||And||Relate||QFilterStr||FilterConcept||QueryAttr||VerifyStr
KQAPRO_VAL_01324,What was the next nominee for Goya Award for Best Film after All About My Mother ?,El Bola,,empty_execution_result,Find(All About My Mother)<b>Find(Goya Award for Best Film)<b>QueryRelationQualifier(nominated for<c>nominee),Find||Find||QueryRelationQualifier
KQAPRO_VAL_03193,How many counties of Texas share border with the county of Texas whose FIPS 6-4 (US counties) is 48201?,3,4,relation_direction_error,FindAll()<b>FilterStr(FIPS 6-4 (US counties)<c>48201)<b>FilterConcept(county of Texas)<b>Relate(shares border with<c>backward)<b>FilterConcept(county of Texas)<b>Count(),FindAll||FilterStr||FilterConcept||Relate||FilterConcept||Count
KQAPRO_VAL_03576,How many diseases are designated by eMedicine code 367666 or result in heart failure?,5,1,relation_direction_error,FindAll()<b>FilterStr(eMedicine<c>367666)<b>FilterConcept(disease)<b>Find(heart failure)<b>Relate(has cause<c>backward)<b>FilterConcept(disease)<b>Or()<b>Count(),FindAll||FilterStr||FilterConcept||Find||Relate||FilterConcept||Or||Count
KQAPRO_VAL_07582,How many counties of Michigan border Washtenaw County or Saginaw County ?,7,5,relation_direction_error,Find(Washtenaw County)<b>Relate(shares border with<c>forward)<b>FilterConcept(county of Michigan)<b>Find(Saginaw County)<b>Relate(shares border with<c>forward)<b>FilterConcept(county of Michigan)<b>Or()<b>Count(),Find||Relate||FilterConcept||Find||Relate||FilterConcept||Or||Count
KQAPRO_VAL_07784,How many ethnic groups include the ethnic group KRS-One or are in the country of Kazakhstan?,3,2,relation_direction_error,Find(KRS-One)<b>Relate(ethnic group<c>backward)<b>FilterConcept(ethnic group)<b>Find(Kazakhstan)<b>Relate(country<c>backward)<b>FilterConcept(ethnic group)<b>Or()<b>Count(),Find||Relate||FilterConcept||Find||Relate||FilterConcept||Or||Count
KQAPRO_VAL_08250,"How many military branches have 'Through Adversity to the Stars' as their motto, or, belong to Rick Springfield's allegiance?",1,0,relation_direction_error,Find(Rick Springfield)<b>Relate(allegiance<c>backward)<b>FilterConcept(military branch)<b>FindAll()<b>FilterStr(motto text<c>Through Adversity to the Stars)<b>FilterConcept(military branch)<b>Or()<b>Count(),Find||Relate||FilterConcept||FindAll||FilterStr||FilterConcept||Or||Count
