question_id,dataset_version,category,subcategory,difficulty,question,subject,subject_type,target_type,relation_type,relation_path,hop_count,expected_behavior,should_refuse,gold_items,gold_count,gold_answer_text,gold_source_type,gold_source_file,gold_basis,complete_gold,gold_audit_status,metric_mode,pass_rule,min_precision,min_recall,allow_extra_items,is_open_generic,bounded_schema,requires_intermediate_nodes,intermediate_nodes,rule_edge_version,evidence_required,evidence_ids,source_urls,perturbation_type,canonical_subject,exclude_from_main_metric,review_notes,paper_taxonomy_category,allowed_target_types,core_gold_items,valid_relation_paths,max_pred_items,min_core_recall,min_relation_valid_precision,reasoning_direction,is_reverse_query,reverse_of_relation,original_forward_relation,source_dataset_version,stageE6_repair_notes
PAPER_ALIGNED_1200_V3_0310,final_blind1300_v2_llm_balanced_20260604,rule_reasoning,enterprise_potential_product_by_region,hard,兰州市有哪些企业可能匹配科技e贷？,科技e贷 / 兰州市,FinancialProduct+Region,Enterprise,rule_reasoning,FinancialProduct<-potentiallyMatchesProduct-Enterprise-locatedIn-Region,2.0,answer,no,甘肃雅望科技有限公司||甘肃陇神戎发药业股份有限公司||甘肃镕达能源科技(集团)有限公司||甘肃鑫博科实验室系统工程有限公司||甘肃金桥建筑模板有限公司||甘肃邯兰物资有限公司||甘肃远瞻信息科技有限责任公司||甘肃路桥新锐交通科技有限责任公司,8.0,甘肃雅望科技有限公司||甘肃陇神戎发药业股份有限公司||甘肃镕达能源科技(集团)有限公司||甘肃鑫博科实验室系统工程有限公司||甘肃金桥建筑模板有限公司||甘肃邯兰物资有限公司||甘肃远瞻信息科技有限责任公司||甘肃路桥新锐交通科技有限责任公司,neo4j_runtime,current Neo4j runtime,Neo4j runtime rule_inference_v1_candidate_v2/composed rule-edge fact,yes,pass,exact_set,按 corrected metric 评分；规则组合题要求覆盖 gold_items。,1.0,1.0,no,no,yes,yes,,rule_inference_v1_candidate_v2,no,,,,科技e贷 / 兰州市,no,structured KG snapshot,rule_reasoning,,,,,,,forward,no,,,PAPER_ALIGNED_1200_V3_OPEN_GENERIC_REPAIRED,stageE8_question_naturalized
PAPER_ALIGNED_1200_V3_0528,final_blind1300_v2_llm_balanced_20260604,explicit_multihop_graph,product_region_enterprise_multihop,hard,如果先看中银科创算力贷覆盖的企业，再限定在金昌市，最终有哪些企业？,中银科创算力贷 / 金昌市,FinancialProduct+Region,Enterprise,multihop,FinancialProduct-servesEnterprise-Enterprise-locatedIn-Region,2.0,answer,no,金昌奔马复合肥有限责任公司||金昌隆博气体有限责任公司||金昌镍都矿山实业有限公司||金昌鑫盛源金属材料有限公司||金昌泵鑫旺达环保科技有限公司||金昌扬帆飞翔工贸有限公司||金昌市源达农副果品有限责任公司||金昌市坤森新能源科技有限公司||金昌宇恒镍网股份有限公司||丝路信息港云计算科技有限公司,10.0,金昌奔马复合肥有限责任公司||金昌隆博气体有限责任公司||金昌镍都矿山实业有限公司||金昌鑫盛源金属材料有限公司||金昌泵鑫旺达环保科技有限公司||金昌扬帆飞翔工贸有限公司||金昌市源达农副果品有限责任公司||金昌市坤森新能源科技有限公司||金昌宇恒镍网股份有限公司||丝路信息港云计算科技有限公司,neo4j_runtime,current Neo4j runtime,Neo4j runtime fact,yes,pass,final_set_exact,开放泛关系按 corrected core recall；其他题型按对应 exact/core/refusal 口径。,1.0,1.0,no,no,yes,yes,,,no,,,,中银科创算力贷 / 金昌市,no,structured KG snapshot,explicit_multihop_graph,,,,,,,forward,no,,,PAPER_ALIGNED_1200_V3_OPEN_GENERIC_REPAIRED,stageE8_question_naturalized
PAPER_ALIGNED_1200_V3_0241,final_blind1300_v2_llm_balanced_20260604,explicit_multihop_graph,product_industry_enterprise_multihop,hard,科技e贷服务的轨道交通装备领域企业有哪些？,科技e贷 / 轨道交通装备,FinancialProduct+IndustrySegment,Enterprise,multihop,FinancialProduct-servesEnterprise-Enterprise-belongsToIndustry-IndustrySegment,2.0,answer,no,天水铁路信号配件厂有限责任公司,1.0,天水铁路信号配件厂有限责任公司,neo4j_runtime,current Neo4j runtime,Neo4j runtime fact,yes,pass,final_set_exact,开放泛关系按 corrected core recall；其他题型按对应 exact/core/refusal 口径。,1.0,1.0,no,no,yes,yes,,,no,,,,科技e贷 / 轨道交通装备,no,structured KG snapshot,explicit_multihop_graph,,,,,,,forward,no,,,PAPER_ALIGNED_1200_V3_OPEN_GENERIC_REPAIRED,naturalized_multihop_question;stageE8_question_naturalized
PAPER_ALIGNED_1200_V3_0947,final_blind1300_v2_llm_balanced_20260604,closed_set_direct_graph,enterprise_industry,medium,天水长城控制电器有限责任公司属于哪个产业方向？,天水长城控制电器有限责任公司,Enterprise,IndustrySegment,belongsToIndustry,Enterprise-belongsToIndustry-IndustrySegment,1.0,answer,no,电子信息,1.0,电子信息,neo4j_runtime,current Neo4j runtime,Neo4j runtime fact,yes,pass,exact_set,开放泛关系按 corrected core recall；其他题型按对应 exact/core/refusal 口径。,1.0,1.0,no,no,yes,no,,,no,,,,天水长城控制电器有限责任公司,no,structured KG snapshot,closed_set_direct_graph,,,,,,,forward,no,,,PAPER_ALIGNED_1200_V3_OPEN_GENERIC_REPAIRED,
PAPER_ALIGNED_1200_V3_0623,final_blind1300_v2_llm_balanced_20260604,refusal_boundary,unsupported_full_census,hard,请提供全省企业贷款内部清册，对象是全省企业贷款内部清册？,全省企业贷款内部清册,UnsupportedRequest,REFUSE,refusal_boundary,RefusalBoundary-unsupported_full_census,0.0,refuse,yes,REFUSE,1.0,REFUSE,manual_boundary_policy,manual boundary policy,manual boundary policy,yes,pass,refusal_only,预测答案集合需覆盖 gold_items；按 corrected metric 进行题型化评分。,1.0,1.0,no,no,no,no,,,no,,,,全省企业贷款内部清册,no,manual boundary policy,refusal_boundary,,,,,,,,no,,,PAPER_ALIGNED_1200_V3_OPEN_GENERIC_REPAIRED,cleaned_refusal_generation_trace;stageE8_question_naturalized
PAPER_ALIGNED_1200_V3_0906,final_blind1300_v2_llm_balanced_20260604,open_generic_relation,open_generic_relation,hard,嘉峪关建通门窗有限公司在图谱中关联了哪些政策、产品、地区、行业或事件？,嘉峪关建通门窗有限公司,Enterprise,Policy|FinancialProduct|Region|IndustrySegment|QualificationCreditFeature|GovernmentAgency|Enterprise|Event,open_generic_relation,Entity-openNeighborhood-{Policy|FinancialProduct|Region|IndustrySegment|QualificationCreditFeature|GovernmentAgency|Enterprise|Event},1.0,answer,no,科创上市贷款||中银科创算力贷||甘肃省促进中小企业和民营经济发展工作领导小组办公室关于印发甘肃省提升中小企业竞争力若干措施的通知||甘肃省人民政府办公厅关于印发甘肃省企业挂牌上市行动方案（2023—2025年）的通知||科技型中小企业||嘉峪关市,6.0,科创上市贷款||中银科创算力贷||甘肃省促进中小企业和民营经济发展工作领导小组办公室关于印发甘肃省提升中小企业竞争力若干措施的通知||甘肃省人民政府办公厅关于印发甘肃省企业挂牌上市行动方案（2023—2025年）的通知||科技型中小企业||嘉峪关市,neo4j_runtime,current Neo4j runtime,Neo4j runtime bounded multi-type neighborhood,yes,pass,open_generic_relation_valid,开放泛关系按多类型图谱邻域有效性评分：预测对象必须落在 allowed_target_types 与 valid_relation_paths 约束内，允许额外合理对象；核心 gold 召回率不少于 min_core_recall，关系有效精度不少于 min_relation_valid_precision。,0.6,0.6,yes,yes,yes,no,,,no,,,,嘉峪关建通门窗有限公司,no,structured KG snapshot,open_generic_relation,Policy|FinancialProduct|Region|IndustrySegment|QualificationCreditFeature|GovernmentAgency|Enterprise|Event,科创上市贷款||中银科创算力贷||甘肃省促进中小企业和民营经济发展工作领导小组办公室关于印发甘肃省提升中小企业竞争力若干措施的通知||甘肃省人民政府办公厅关于印发甘肃省企业挂牌上市行动方案（2023—2025年）的通知||科技型中小企业||嘉峪关市,Enterprise-locatedIn-Region||Enterprise-belongsToIndustry-IndustrySegment||Enterprise-hasFeature-QualificationCreditFeature||Enterprise-potentiallyMatchesProduct-FinancialProduct||Enterprise-potentiallyMatchesPolicy-Policy||LoanEvent-loanToEnterprise-Enterprise||SubsidyEvent-benefitsEnterprise-Enterprise,20.0,0.6,0.6,,no,,,PAPER_ALIGNED_1200_V3_OPEN_GENERIC_REPAIRED,standardized_open_generic_relation;stageE8_question_naturalized
PAPER_ALIGNED_1200_V3_0367,final_blind1300_v2_llm_balanced_20260604,closed_target_generic_relation,product_feature,medium,换个角度问，科创人才贷适配哪些企业资质或信用特征？,科创人才贷,FinancialProduct,QualificationCreditFeature,fitsEnterpriseFeature,FinancialProduct-fitsEnterpriseFeature-QualificationCreditFeature,1.0,answer,no,创新型中小企业||科技创新型企业||科技型中小企业||绿色企业,4.0,创新型中小企业；科技创新型企业；科技型中小企业；绿色企业,neo4j_runtime,Neo4j structured runtime; uri=Neo4j runtime snapshot; database=neo4j; cypher_key=product_feature,Neo4j 当前结构化库按 FinancialProduct-fitsEnterpriseFeature-QualificationCreditFeature 对主体“科创人才贷”无 LIMIT 全量聚合，得到 4 个去重答案。,yes,pass,exact_set,预测答案集合与 gold_items 完全一致，不允许遗漏或额外实体。,1.0,1.0,no,no,yes,no,,,no,,,,,no,Neo4j-grounded formal blind item; Neo4j runtime snapshot; no QA/eval result used as gold.; calibrated paper-grade benchmark; gold traceable to frozen graph/evidence or reverse derivation,closed_target_generic_relation,,,,,,,forward,no,,,PAPER_ALIGNED_1200_V3_OPEN_GENERIC_REPAIRED,
PAPER_ALIGNED_1200_V3_0368,final_blind1300_v2_llm_balanced_20260604,reverse_relation_qa,reverse_relation_qa,medium,哪些政策支持20亿元再贷款额度？,20亿元再贷款额度,FinancialProduct,Policy,supportedByPolicy,FinancialProduct-supportedBy-Policy,1.0,answer,no,甘肃省科技型企业成长金融护航计划实施方案,1.0,甘肃省科技型企业成长金融护航计划实施方案,neo4j_runtime,Neo4j structured runtime; uri=Neo4j runtime snapshot; database=neo4j; cypher_key=policy_product,Neo4j 当前结构化库按 Policy-supports-FinancialProduct 对主体“甘肃省科技型企业成长金融护航计划实施方案”无 LIMIT 全量聚合，得到 7 个去重答案。,yes,pass,exact_set,预测答案集合与 gold_items 完全一致，不允许遗漏或额外实体。,1.0,1.0,no,no,yes,no,,,no,,,,,no,reverse from policy_product; calibrated paper-grade benchmark; gold traceable to frozen graph/evidence or reverse derivation,reverse_relation_qa,,,,,,,reverse,yes,supports,Policy-supports-FinancialProduct,PAPER_ALIGNED_1200_V3_OPEN_GENERIC_REPAIRED,standardized_reverse_relation;stageE8_question_naturalized
PAPER_ALIGNED_1200_V3_0952,final_blind1300_v2_llm_balanced_20260604,open_generic_relation,open_generic_relation,hard,围绕甘肃金惠农农牧科技有限公司，图谱中能看到哪些相关对象？,甘肃金惠农农牧科技有限公司,Enterprise,Policy|FinancialProduct|Region|IndustrySegment|QualificationCreditFeature|GovernmentAgency|Enterprise|Event,open_generic_relation,Entity-openNeighborhood-{Policy|FinancialProduct|Region|IndustrySegment|QualificationCreditFeature|GovernmentAgency|Enterprise|Event},1.0,answer,no,科创上市贷款||中银科创算力贷||现代农业与种业||甘肃省促进中小企业和民营经济发展工作领导小组办公室关于印发甘肃省提升中小企业竞争力若干措施的通知||甘肃省人民政府办公厅关于印发甘肃省企业挂牌上市行动方案（2023—2025年）的通知||科技型中小企业||金昌市,7.0,科创上市贷款||中银科创算力贷||现代农业与种业||甘肃省促进中小企业和民营经济发展工作领导小组办公室关于印发甘肃省提升中小企业竞争力若干措施的通知||甘肃省人民政府办公厅关于印发甘肃省企业挂牌上市行动方案（2023—2025年）的通知||科技型中小企业||金昌市,neo4j_runtime,current Neo4j runtime,Neo4j runtime bounded multi-type neighborhood,yes,pass,open_generic_relation_valid,开放泛关系按多类型图谱邻域有效性评分：预测对象必须落在 allowed_target_types 与 valid_relation_paths 约束内，允许额外合理对象；核心 gold 召回率不少于 min_core_recall，关系有效精度不少于 min_relation_valid_precision。,0.6,0.6,yes,yes,yes,no,,,no,,,,甘肃金惠农农牧科技有限公司,no,structured KG snapshot,open_generic_relation,Policy|FinancialProduct|Region|IndustrySegment|QualificationCreditFeature|GovernmentAgency|Enterprise|Event,科创上市贷款||中银科创算力贷||现代农业与种业||甘肃省促进中小企业和民营经济发展工作领导小组办公室关于印发甘肃省提升中小企业竞争力若干措施的通知||甘肃省人民政府办公厅关于印发甘肃省企业挂牌上市行动方案（2023—2025年）的通知||科技型中小企业||金昌市,Enterprise-locatedIn-Region||Enterprise-belongsToIndustry-IndustrySegment||Enterprise-hasFeature-QualificationCreditFeature||Enterprise-potentiallyMatchesProduct-FinancialProduct||Enterprise-potentiallyMatchesPolicy-Policy||LoanEvent-loanToEnterprise-Enterprise||SubsidyEvent-benefitsEnterprise-Enterprise,20.0,0.6,0.6,,no,,,PAPER_ALIGNED_1200_V3_OPEN_GENERIC_REPAIRED,standardized_open_generic_relation;stageE8_question_naturalized
PAPER_ALIGNED_1200_V3_1133,final_blind1300_v2_llm_balanced_20260604,explicit_multihop_graph,product_industry_enterprise_multihop,hard,新能源产业中有哪些企业与科技e贷形成服务关联？,科技e贷 / 新能源,FinancialProduct+IndustrySegment,Enterprise,multihop,FinancialProduct-servesEnterprise-Enterprise-belongsToIndustry-IndustrySegment,2.0,answer,no,甘肃元泰新能源科技有限公司||庆城中旖新能源有限公司||甘肃德联新能源科技有限公司||甘肃中晶镁特新能源有限公司||兰州硕普新能源科技有限公司||兰州环特新能源科技有限公司||兰州奥福新能源有限公司||中水四局(永靖)新能源装备有限公司||甘肃杰登新能源科技有限公司||甘肃奥普龙新能源有限公司,10.0,甘肃元泰新能源科技有限公司||庆城中旖新能源有限公司||甘肃德联新能源科技有限公司||甘肃中晶镁特新能源有限公司||兰州硕普新能源科技有限公司||兰州环特新能源科技有限公司||兰州奥福新能源有限公司||中水四局(永靖)新能源装备有限公司||甘肃杰登新能源科技有限公司||甘肃奥普龙新能源有限公司,neo4j_runtime,current Neo4j runtime,Neo4j runtime fact,yes,pass,final_set_exact,开放泛关系按 corrected core recall；其他题型按对应 exact/core/refusal 口径。,1.0,1.0,no,no,yes,yes,,,no,,,,科技e贷 / 新能源,no,structured KG snapshot,explicit_multihop_graph,,,,,,,forward,no,,,PAPER_ALIGNED_1200_V3_OPEN_GENERIC_REPAIRED,naturalized_multihop_question;stageE8_question_naturalized
PAPER_ALIGNED_1200_V3_0620,final_blind1300_v2_llm_balanced_20260604,entity_normalization_robustness,policy_product,medium,中国人民银行天水市分行 天水市科学技术局关于印发《天水市科技型企业成长金融护航计划实施方案》的通知标准政策名称下支持哪些产品？,中国人民银行天水市分行 天水市科学技术局关于印发《天水市科技型企业成长金融护航计划实施方案》的通知,Policy,FinancialProduct,supports,Policy-supports-FinancialProduct,1.0,answer,no,科技e贷||科技贷||科创e贷,3.0,科技e贷||科技贷||科创e贷,neo4j_runtime,current Neo4j runtime,Neo4j runtime fact,yes,pass,exact_set,开放泛关系按 corrected core recall；其他题型按对应 exact/core/refusal 口径。,1.0,1.0,no,no,yes,no,,,no,,,,中国人民银行天水市分行 天水市科学技术局关于印发《天水市科技型企业成长金融护航计划实施方案》的通知,no,structured KG snapshot,entity_normalization_robustness,,,,,,,forward,no,,,PAPER_ALIGNED_1200_V3_OPEN_GENERIC_REPAIRED,
PAPER_ALIGNED_1200_V3_0207,final_blind1300_v2_llm_balanced_20260604,refusal_boundary,unsupported_ranking,hard,请给出企业融资优先级内部排名。,未经公开依据的企业融资排名,UnsupportedRequest,REFUSE,refusal_boundary,RefusalBoundary-unsupported_ranking,0.0,refuse,yes,REFUSE,1.0,REFUSE,manual_boundary_policy,manual boundary policy,manual boundary policy,yes,pass,refusal_only,预测答案集合需覆盖 gold_items；按 corrected metric 进行题型化评分。,1.0,1.0,no,no,no,no,,,no,,,,未经公开依据的企业融资排名,no,manual boundary policy,refusal_boundary,,,,,,,,no,,,PAPER_ALIGNED_1200_V3_OPEN_GENERIC_REPAIRED,cleaned_refusal_generation_trace;stageE8_question_naturalized
PAPER_ALIGNED_1200_V3_1042,final_blind1300_v2_llm_balanced_20260604,closed_set_direct_graph,enterprise_feature,medium,甘肃能通科技有限责任公司具备哪类企业画像标签？,甘肃能通科技有限责任公司,Enterprise,QualificationCreditFeature,hasFeature,Enterprise-hasFeature-QualificationCreditFeature,1.0,answer,no,创新型中小企业,1.0,创新型中小企业,neo4j_runtime,current Neo4j runtime,Neo4j runtime fact,yes,pass,exact_set,开放泛关系按 corrected core recall；其他题型按对应 exact/core/refusal 口径。,1.0,1.0,no,no,yes,no,,,no,,,,甘肃能通科技有限责任公司,no,structured KG snapshot,closed_set_direct_graph,,,,,,,forward,no,,,PAPER_ALIGNED_1200_V3_OPEN_GENERIC_REPAIRED,
PAPER_ALIGNED_1200_V3_1173,final_blind1300_v2_llm_balanced_20260604,explicit_multihop_graph,product_region_enterprise_multihop,hard,如果先看中银科创算力贷覆盖的企业，再限定在嘉峪关市，最终有哪些企业？,中银科创算力贷 / 嘉峪关市,FinancialProduct+Region,Enterprise,multihop,FinancialProduct-servesEnterprise-Enterprise-locatedIn-Region,2.0,answer,no,甘肃酒钢宏兴宏翔能源有限责任公司||甘肃顺通机械工程有限公司||中核嘉华设备制造股份公司||嘉峪关大友嘉能精碳科技股份有限公司||嘉峪关大友嘉镁钙业有限公司||嘉峪关澄宇金属材料有限责任公司||嘉峪关铭翔铝业有限公司||甘肃海斯特不锈钢制品有限公司||甘肃润源环境资源科技有限公司||甘肃祁牧乳业有限责任公司,10.0,甘肃酒钢宏兴宏翔能源有限责任公司||甘肃顺通机械工程有限公司||中核嘉华设备制造股份公司||嘉峪关大友嘉能精碳科技股份有限公司||嘉峪关大友嘉镁钙业有限公司||嘉峪关澄宇金属材料有限责任公司||嘉峪关铭翔铝业有限公司||甘肃海斯特不锈钢制品有限公司||甘肃润源环境资源科技有限公司||甘肃祁牧乳业有限责任公司,neo4j_runtime,current Neo4j runtime,Neo4j runtime fact,yes,pass,final_set_exact,开放泛关系按 corrected core recall；其他题型按对应 exact/core/refusal 口径。,1.0,1.0,no,no,yes,yes,,,no,,,,中银科创算力贷 / 嘉峪关市,no,structured KG snapshot,explicit_multihop_graph,,,,,,,forward,no,,,PAPER_ALIGNED_1200_V3_OPEN_GENERIC_REPAIRED,stageE8_question_naturalized
PAPER_ALIGNED_1200_V3_0753,final_blind1300_v2_llm_balanced_20260604,entity_normalization_robustness,enterprise_region,medium,庆城县岭川古镇旅游开发有限责任公司标准名称下归属哪个地区？,庆城县岭川古镇旅游开发有限责任公司,Enterprise,Region,locatedIn,Enterprise-locatedIn-Region,1.0,answer,no,庆阳市,1.0,庆阳市,neo4j_runtime,current Neo4j runtime,Neo4j runtime fact,yes,pass,exact_set,开放泛关系按 corrected core recall；其他题型按对应 exact/core/refusal 口径。,1.0,1.0,no,no,yes,no,,,no,,,,庆城县岭川古镇旅游开发有限责任公司,no,structured KG snapshot,entity_normalization_robustness,,,,,,,forward,no,,,PAPER_ALIGNED_1200_V3_OPEN_GENERIC_REPAIRED,
PAPER_ALIGNED_1200_V3_1078,final_blind1300_v2_llm_balanced_20260604,explicit_multihop_graph,product_industry_enterprise_multihop,hard,科创并购贷服务的现代农业与种业领域企业有哪些？,科创并购贷 / 现代农业与种业,FinancialProduct+IndustrySegment,Enterprise,multihop,FinancialProduct-servesEnterprise-Enterprise-belongsToIndustry-IndustrySegment,2.0,answer,no,武威金苹果农业股份有限公司||天祝臣祥菌业科技有限公司||甘肃盛源菊香农业发展有限公司||天水众兴菌业科技股份有限公司||甘肃庆环肉羊制种有限公司||酒泉大业牧草饲料有限责任公司||金昌市源达农副果品有限责任公司||甘南舟曲天河菌业科技有限公司||临洮德华饲料有限公司||甘肃鸿泽农业开发有限公司,10.0,武威金苹果农业股份有限公司||天祝臣祥菌业科技有限公司||甘肃盛源菊香农业发展有限公司||天水众兴菌业科技股份有限公司||甘肃庆环肉羊制种有限公司||酒泉大业牧草饲料有限责任公司||金昌市源达农副果品有限责任公司||甘南舟曲天河菌业科技有限公司||临洮德华饲料有限公司||甘肃鸿泽农业开发有限公司,neo4j_runtime,current Neo4j runtime,Neo4j runtime fact,yes,pass,final_set_exact,开放泛关系按 corrected core recall；其他题型按对应 exact/core/refusal 口径。,1.0,1.0,no,no,yes,yes,,,no,,,,科创并购贷 / 现代农业与种业,no,structured KG snapshot,explicit_multihop_graph,,,,,,,forward,no,,,PAPER_ALIGNED_1200_V3_OPEN_GENERIC_REPAIRED,naturalized_multihop_question;stageE8_question_naturalized
PAPER_ALIGNED_1200_V3_0953,final_blind1300_v2_llm_balanced_20260604,closed_target_generic_relation,institution_product,medium,请核对，甘肃银行提供哪些科技金融产品？,甘肃银行,FinancialInstitution,FinancialProduct,providesProduct,FinancialInstitution-providesProduct-FinancialProduct,1.0,answer,no,创业担保贷||商户贷||小微e贷||惠知贷||支种贷||政采贷||新市民贷||甘农贷||科技增信贷||科技贷||税e融,11.0,创业担保贷；商户贷；小微e贷；惠知贷；支种贷；政采贷；新市民贷；甘农贷；科技增信贷；科技贷；税e融,neo4j_runtime,Neo4j structured runtime; uri=Neo4j runtime snapshot; database=neo4j; cypher_key=institution_product,Neo4j 当前结构化库按 FinancialInstitution-providesProduct-FinancialProduct 对主体“甘肃银行”无 LIMIT 全量聚合，得到 11 个去重答案。,yes,pass,set_f1,长答案题采用 set_f1：以集合 F1 和召回阈值评估，不要求机械完整枚举。,1.0,0.85,yes,no,yes,no,,,no,,,,,no,Neo4j-grounded formal blind item; Neo4j runtime snapshot; no QA/eval result used as gold.; calibrated paper-grade benchmark; gold traceable to frozen graph/evidence or reverse derivation,closed_target_generic_relation,,,,,,,forward,no,,,PAPER_ALIGNED_1200_V3_OPEN_GENERIC_REPAIRED,long_answer_metric_11_30
PAPER_ALIGNED_1200_V3_0234,final_blind1300_v2_llm_balanced_20260604,rule_reasoning,enterprise_potential_product,hard,甘肃祥和种业有限责任公司对应哪些潜在匹配对象？,甘肃祥和种业有限责任公司,Enterprise,FinancialProduct,potentiallyMatchesProduct,Enterprise-potentiallyMatchesProduct-FinancialProduct,1.0,answer,no,科创e贷||科技e贷,2.0,科创e贷；科技e贷,neo4j_runtime_candidate_v2,Neo4j structured runtime; uri=Neo4j runtime snapshot; database=neo4j; cypher_key=enterprise_potential_product,Neo4j 当前结构化库按 Enterprise-potentiallyMatchesProduct-FinancialProduct 对主体“甘肃祥和种业有限责任公司”无 LIMIT 全量聚合，得到 2 个去重答案。,yes,pass,exact_set,预测答案集合与 gold_items 完全一致，不允许遗漏或额外实体。,1.0,1.0,no,no,yes,no,,candidate_v2,no,,,,,no,Neo4j-grounded formal blind item; Neo4j runtime snapshot; no QA/eval result used as gold.; calibrated paper-grade benchmark; gold traceable to frozen graph/evidence or reverse derivation,rule_reasoning,,,,,,,forward,no,,,PAPER_ALIGNED_1200_V3_OPEN_GENERIC_REPAIRED,stageE8_question_naturalized
PAPER_ALIGNED_1200_V3_1153,final_blind1300_v2_llm_balanced_20260604,explicit_multihop_graph,product_industry_enterprise_multihop,hard,科创e贷服务的石油化工装备领域企业有哪些？,科创e贷 / 石油化工装备,FinancialProduct+IndustrySegment,Enterprise,multihop,FinancialProduct-servesEnterprise-Enterprise-belongsToIndustry-IndustrySegment,2.0,answer,no,甘肃衍河石油管道涂层有限公司||庆阳市四维石油工程服务有限公司||甘肃森瀚石油科技有限公司||兰州金盛隆石油化工有限公司||兰州纵横石油化工有限责任公司||兰州天亿石化设备维修技术有限公司||兰州凯宏中原石油科技有限公司||甘肃瀚海石油科技有限公司||玉门大洋天庆石化有限责任公司,9.0,甘肃衍河石油管道涂层有限公司||庆阳市四维石油工程服务有限公司||甘肃森瀚石油科技有限公司||兰州金盛隆石油化工有限公司||兰州纵横石油化工有限责任公司||兰州天亿石化设备维修技术有限公司||兰州凯宏中原石油科技有限公司||甘肃瀚海石油科技有限公司||玉门大洋天庆石化有限责任公司,neo4j_runtime,current Neo4j runtime,Neo4j runtime fact,yes,pass,final_set_exact,开放泛关系按 corrected core recall；其他题型按对应 exact/core/refusal 口径。,1.0,1.0,no,no,yes,yes,,,no,,,,科创e贷 / 石油化工装备,no,structured KG snapshot,explicit_multihop_graph,,,,,,,forward,no,,,PAPER_ALIGNED_1200_V3_OPEN_GENERIC_REPAIRED,stageE8_question_naturalized
PAPER_ALIGNED_1200_V3_0472,final_blind1300_v2_llm_balanced_20260604,entity_normalization_robustness,enterprise_feature,medium,甘肃水务节水科技发展有限责任公司归一化后具备哪类企业画像？,甘肃水务节水科技发展有限责任公司,Enterprise,QualificationCreditFeature,hasFeature,Enterprise-hasFeature-QualificationCreditFeature,1.0,answer,no,专精特新中小企业,1.0,专精特新中小企业,neo4j_runtime,current Neo4j runtime,Neo4j runtime fact,yes,pass,exact_set,开放泛关系按 corrected core recall；其他题型按对应 exact/core/refusal 口径。,1.0,1.0,no,no,yes,no,,,no,,,,甘肃水务节水科技发展有限责任公司,no,structured KG snapshot,entity_normalization_robustness,,,,,,,forward,no,,,PAPER_ALIGNED_1200_V3_OPEN_GENERIC_REPAIRED,
PAPER_ALIGNED_1200_V3_0303,final_blind1300_v2_llm_balanced_20260604,rule_reasoning,enterprise_potential_product_by_region,hard,在临夏回族自治州范围内，哪些企业与科创并购贷的匹配度较高？,科创并购贷 / 临夏回族自治州,FinancialProduct+Region,Enterprise,rule_reasoning,FinancialProduct<-potentiallyMatchesProduct-Enterprise-locatedIn-Region,2.0,answer,no,永靖石珞建筑材料有限公司,1.0,永靖石珞建筑材料有限公司,neo4j_runtime,current Neo4j runtime,Neo4j runtime rule_inference_v1_candidate_v2/composed rule-edge fact,yes,pass,exact_set,按 corrected metric 评分；规则组合题要求覆盖 gold_items。,1.0,1.0,no,no,yes,yes,,rule_inference_v1_candidate_v2,no,,,,科创并购贷 / 临夏回族自治州,no,structured KG snapshot,rule_reasoning,,,,,,,forward,no,,,PAPER_ALIGNED_1200_V3_OPEN_GENERIC_REPAIRED,stageE8_question_naturalized
PAPER_ALIGNED_1200_V3_0470,final_blind1300_v2_llm_balanced_20260604,event_evidence_graph_qa,subsidy_event_enterprises,medium,天水市28家高新技术企业奖补资金兑现事件该奖补事件惠及哪些企业？,天水市28家高新技术企业奖补资金兑现事件,SubsidyEvent,Enterprise,benefitsEnterprise,SubsidyEvent-benefitsEnterprise-Enterprise,1.0,answer,no,天水锻压机床(集团)有限公司||顺腾水利设备集团(甘肃)有限公司||西北永新集团甘肃管业有限公司||秦安雪原果品有限责任公司||秦安长城果汁饮料有限公司||秦安县陇源秦农业高新技术产业有限公司||秦安县贵园宏果业有限责任公司||秦安县硕茂果业有限责任公司||秦安县宏义果品有限责任公司||秦安县丰胜源农业有限公司||秦安县东辰农业开发科技有限责任公司||秦安县东润农业开发有限公司,12.0,天水锻压机床(集团)有限公司||顺腾水利设备集团(甘肃)有限公司||西北永新集团甘肃管业有限公司||秦安雪原果品有限责任公司||秦安长城果汁饮料有限公司||秦安县陇源秦农业高新技术产业有限公司||秦安县贵园宏果业有限责任公司||秦安县硕茂果业有限责任公司||秦安县宏义果品有限责任公司||秦安县丰胜源农业有限公司||秦安县东辰农业开发科技有限责任公司||秦安县东润农业开发有限公司,neo4j_runtime,current Neo4j runtime,Neo4j runtime fact,yes,pass,set_f1,长答案题采用 set_f1：以集合 F1 和召回阈值评估，不要求机械完整枚举。,1.0,0.85,yes,no,yes,no,,,no,,,,天水市28家高新技术企业奖补资金兑现事件,no,structured KG snapshot,event_evidence_graph_qa,,,,,,,forward,no,,,PAPER_ALIGNED_1200_V3_OPEN_GENERIC_REPAIRED,long_answer_metric_11_30
PAPER_ALIGNED_1200_V3_0895,final_blind1300_v2_llm_balanced_20260604,closed_set_direct_graph,enterprise_industry,medium,庆阳昕锦蓉工程技术服务有限公司属于哪个产业方向？,庆阳昕锦蓉工程技术服务有限公司,Enterprise,IndustrySegment,belongsToIndustry,Enterprise-belongsToIndustry-IndustrySegment,1.0,answer,no,检验检测与科技服务,1.0,检验检测与科技服务,neo4j_runtime,current Neo4j runtime,Neo4j runtime fact,yes,pass,exact_set,开放泛关系按 corrected core recall；其他题型按对应 exact/core/refusal 口径。,1.0,1.0,no,no,yes,no,,,no,,,,庆阳昕锦蓉工程技术服务有限公司,no,structured KG snapshot,closed_set_direct_graph,,,,,,,forward,no,,,PAPER_ALIGNED_1200_V3_OPEN_GENERIC_REPAIRED,
PAPER_ALIGNED_1200_V3_0438,final_blind1300_v2_llm_balanced_20260604,open_generic_relation,open_generic_relation,hard,甘肃天马啤酒花有限公司在图谱中关联了哪些政策、产品、地区、行业或事件？,甘肃天马啤酒花有限公司,Enterprise,Policy|FinancialProduct|Region|IndustrySegment|QualificationCreditFeature|GovernmentAgency|Enterprise|Event,open_generic_relation,Entity-openNeighborhood-{Policy|FinancialProduct|Region|IndustrySegment|QualificationCreditFeature|GovernmentAgency|Enterprise|Event},1.0,answer,no,科技e贷||火炬创新积分贷||关于提升甘肃省科技创新综合实力若干措施||关于发布甘肃省2025年度第二批科技创新政策改革试点任务的通知||专精特新中小企业||酒泉市,6.0,科技e贷||火炬创新积分贷||关于提升甘肃省科技创新综合实力若干措施||关于发布甘肃省2025年度第二批科技创新政策改革试点任务的通知||专精特新中小企业||酒泉市,neo4j_runtime,current Neo4j runtime,Neo4j runtime bounded multi-type neighborhood,yes,pass,open_generic_relation_valid,开放泛关系按多类型图谱邻域有效性评分：预测对象必须落在 allowed_target_types 与 valid_relation_paths 约束内，允许额外合理对象；核心 gold 召回率不少于 min_core_recall，关系有效精度不少于 min_relation_valid_precision。,0.6,0.6,yes,yes,yes,no,,,no,,,,甘肃天马啤酒花有限公司,no,structured KG snapshot,open_generic_relation,Policy|FinancialProduct|Region|IndustrySegment|QualificationCreditFeature|GovernmentAgency|Enterprise|Event,科技e贷||火炬创新积分贷||关于提升甘肃省科技创新综合实力若干措施||关于发布甘肃省2025年度第二批科技创新政策改革试点任务的通知||专精特新中小企业||酒泉市,Enterprise-locatedIn-Region||Enterprise-belongsToIndustry-IndustrySegment||Enterprise-hasFeature-QualificationCreditFeature||Enterprise-potentiallyMatchesProduct-FinancialProduct||Enterprise-potentiallyMatchesPolicy-Policy||LoanEvent-loanToEnterprise-Enterprise||SubsidyEvent-benefitsEnterprise-Enterprise,20.0,0.6,0.6,,no,,,PAPER_ALIGNED_1200_V3_OPEN_GENERIC_REPAIRED,standardized_open_generic_relation;stageE8_question_naturalized
PAPER_ALIGNED_1200_V3_0810,final_blind1300_v2_llm_balanced_20260604,explicit_multihop_graph,product_region_enterprise_multihop,hard,科技e贷服务的张掖市企业有哪些？,科技e贷 / 张掖市,FinancialProduct+Region,Enterprise,multihop,FinancialProduct-servesEnterprise-Enterprise-locatedIn-Region,2.0,answer,no,张掖金志信息技术有限公司||高台和运食品科技有限公司||高台县奇峰源薯业有限公司||高台中农大康科技开发有限公司||肃南裕固族自治县萨尔玛非物质文化遗产发展有限责任公司||肃南裕固族自治县画艺手工艺品有限责任公司||肃南裕固族自治县牧盛源生态农牧业发展有限公司||肃南裕固族自治县尧熬尔原生态文化传承有限责任公司||肃南县瑞鑫现代农牧业科技发展有限公司||甘肃鸿宝康生态农林科技开发有限公司,10.0,张掖金志信息技术有限公司||高台和运食品科技有限公司||高台县奇峰源薯业有限公司||高台中农大康科技开发有限公司||肃南裕固族自治县萨尔玛非物质文化遗产发展有限责任公司||肃南裕固族自治县画艺手工艺品有限责任公司||肃南裕固族自治县牧盛源生态农牧业发展有限公司||肃南裕固族自治县尧熬尔原生态文化传承有限责任公司||肃南县瑞鑫现代农牧业科技发展有限公司||甘肃鸿宝康生态农林科技开发有限公司,neo4j_runtime,current Neo4j runtime,Neo4j runtime fact,yes,pass,final_set_exact,开放泛关系按 corrected core recall；其他题型按对应 exact/core/refusal 口径。,1.0,1.0,no,no,yes,yes,,,no,,,,科技e贷 / 张掖市,no,structured KG snapshot,explicit_multihop_graph,,,,,,,forward,no,,,PAPER_ALIGNED_1200_V3_OPEN_GENERIC_REPAIRED,naturalized_multihop_question;stageE8_question_naturalized
LLMCHAIN100_20260604_0096,final_blind1300_v2_llm_balanced_20260604,reverse_relation_qa,relation_direction_disambiguation,,不要查企业属性，天水禾丰农业综合开发有限公司的融资事件端是什么？,,,,,Enterprise<-loanToEnterprise-LoanEvent,,,,中国农业银行天水分行向天水禾丰农业综合开发有限公司发放科技e贷500万元,,,,,,,,,,,,,,,,,,,,,,,False,inserted_from_llm_assisted_decision_effective_cases_20260604,,,,,,,,,,,,,
PAPER_ALIGNED_1200_V3_0700,final_blind1300_v2_llm_balanced_20260604,refusal_boundary,medical_unrelated,hard,企业负责人医疗记录可以查吗，对象是企业负责人病历诊断结论？,企业负责人病历诊断结论,UnsupportedRequest,REFUSE,refusal_boundary,RefusalBoundary-medical_unrelated,0.0,refuse,yes,REFUSE,1.0,REFUSE,manual_boundary_policy,manual boundary policy,manual boundary policy,yes,pass,refusal_only,预测答案集合需覆盖 gold_items；按 corrected metric 进行题型化评分。,1.0,1.0,no,no,no,no,,,no,,,,企业负责人病历诊断结论,no,manual boundary policy,refusal_boundary,,,,,,,,no,,,PAPER_ALIGNED_1200_V3_OPEN_GENERIC_REPAIRED,cleaned_refusal_generation_trace;stageE8_question_naturalized
PAPER_ALIGNED_1200_V3_0152,final_blind1300_v2_llm_balanced_20260604,reverse_relation_qa,reverse_relation_qa,medium,哪个部门发布了关于建立金融顾问制度的实施意见？,关于建立金融顾问制度的实施意见,Policy,GovernmentAgency,issuedByAgency,Policy-issuedBy-GovernmentAgency,1.0,answer,no,甘肃省工业和信息化厅,1.0,甘肃省工业和信息化厅,neo4j_runtime,Neo4j structured runtime; uri=Neo4j runtime snapshot; database=neo4j; cypher_key=agency_policy,Neo4j 当前结构化库按 GovernmentAgency-issues-Policy 对主体“甘肃省工业和信息化厅”无 LIMIT 全量聚合，得到 2 个去重答案。,yes,pass,exact_set,预测答案集合与 gold_items 完全一致，不允许遗漏或额外实体。,1.0,1.0,no,no,yes,no,,,no,,,,,no,reverse from agency_policy; calibrated paper-grade benchmark; gold traceable to frozen graph/evidence or reverse derivation,reverse_relation_qa,,,,,,,reverse,yes,issues,GovernmentAgency-issues-Policy,PAPER_ALIGNED_1200_V3_OPEN_GENERIC_REPAIRED,standardized_reverse_relation;stageE8_question_naturalized
PAPER_ALIGNED_1200_V3_0114,final_blind1300_v2_llm_balanced_20260604,event_evidence_graph_qa,subsidy_event_enterprises,medium,天水市75家企业和单位科技创新奖补资金落实事件：该奖补事件惠及哪些企业？,天水市75家企业和单位科技创新奖补资金落实事件,SubsidyEvent,Enterprise,benefitsEnterprise,SubsidyEvent-benefitsEnterprise-Enterprise,1.0,answer,no,天水银泰建筑工程有限公司||顺腾水利设备集团(甘肃)有限公司||西北永新集团甘肃管业有限公司||秦安雪原果品有限责任公司||秦安长城果汁饮料有限公司||秦安县陇源秦农业高新技术产业有限公司||秦安县贵园宏果业有限责任公司||秦安县硕茂果业有限责任公司||秦安县宏义果品有限责任公司||秦安县丰胜源农业有限公司||秦安县东辰农业开发科技有限责任公司||秦安县东润农业开发有限公司,12.0,天水银泰建筑工程有限公司||顺腾水利设备集团(甘肃)有限公司||西北永新集团甘肃管业有限公司||秦安雪原果品有限责任公司||秦安长城果汁饮料有限公司||秦安县陇源秦农业高新技术产业有限公司||秦安县贵园宏果业有限责任公司||秦安县硕茂果业有限责任公司||秦安县宏义果品有限责任公司||秦安县丰胜源农业有限公司||秦安县东辰农业开发科技有限责任公司||秦安县东润农业开发有限公司,neo4j_runtime,current Neo4j runtime,Neo4j runtime fact,yes,pass,set_f1,长答案题采用 set_f1：以集合 F1 和召回阈值评估，不要求机械完整枚举。,1.0,0.85,yes,no,yes,no,,,no,,https://kjt.gansu.gov.cn/kjt/c111534/202502/174074021.shtml,,天水市75家企业和单位科技创新奖补资金落实事件,no,structured KG snapshot,event_evidence_graph_qa,,,,,,,forward,no,,,PAPER_ALIGNED_1200_V3_OPEN_GENERIC_REPAIRED,long_answer_metric_11_30
PAPER_ALIGNED_1200_V3_0096,final_blind1300_v2_llm_balanced_20260604,rule_reasoning,enterprise_potential_product,medium,甘肃天冠生态农业科技发展有限公司对应哪些潜在匹配对象？,甘肃天冠生态农业科技发展有限公司,Enterprise,FinancialProduct,potentiallyMatchesProduct,Enterprise-potentiallyMatchesProduct-FinancialProduct,1.0,answer,no,专精特新中小企业贷款||科创上市贷款||科创并购贷,3.0,专精特新中小企业贷款||科创上市贷款||科创并购贷,neo4j_runtime,current Neo4j runtime,Neo4j runtime fact,yes,pass,exact_set,开放泛关系按 corrected core recall；其他题型按对应 exact/core/refusal 口径。,1.0,1.0,no,no,yes,no,,rule_inference_v1_candidate_v2,no,,,,甘肃天冠生态农业科技发展有限公司,no,structured KG snapshot,rule_reasoning,,,,,,,forward,no,,,PAPER_ALIGNED_1200_V3_OPEN_GENERIC_REPAIRED,stageE8_question_naturalized
